<?xml version="1.0" encoding="UTF-8" standalone="yes"?>
<?mso-application progid="Word.Document"?>
<w:wordDocument xmlns:w="http://schemas.microsoft.com/office/word/2003/wordml" xmlns:v="urn:schemas-microsoft-com:vml" xmlns:w10="urn:schemas-microsoft-com:office:word" xmlns:sl="http://schemas.microsoft.com/schemaLibrary/2003/core" xmlns:aml="http://schemas.microsoft.com/aml/2001/core" xmlns:wx="http://schemas.microsoft.com/office/word/2003/auxHint" xmlns:o="urn:schemas-microsoft-com:office:office" xmlns:dt="uuid:C2F41010-65B3-11d1-A29F-00AA00C14882" xmlns:st1="urn:schemas-microsoft-com:office:smarttags" w:macrosPresent="no" w:embeddedObjPresent="no" w:ocxPresent="no" xml:space="preserve"><o:SmartTagType o:namespaceuri="urn:schemas-microsoft-com:office:smarttags" o:name="PlaceType"/><o:SmartTagType o:namespaceuri="urn:schemas-microsoft-com:office:smarttags" o:name="PlaceName"/><o:SmartTagType o:namespaceuri="urn:schemas-microsoft-com:office:smarttags" o:name="place"/><o:DocumentProperties><o:Title>1</o:Title><o:Author>cornac</o:Author><o:LastAuthor>cornac</o:LastAuthor><o:Revision>2</o:Revision><o:TotalTime>0</o:TotalTime><o:Created>2007-07-18T10:38:00Z</o:Created><o:LastSaved>2007-07-18T10:38:00Z</o:LastSaved><o:Pages>1</o:Pages><o:Words>841</o:Words><o:Characters>4627</o:Characters><o:Lines>38</o:Lines><o:Paragraphs>10</o:Paragraphs><o:CharactersWithSpaces>5458</o:CharactersWithSpaces><o:Version>11.5604</o:Version></o:DocumentProperties><w:fonts><w:defaultFonts w:ascii="Times New Roman" w:fareast="Times New Roman" w:h-ansi="Times New Roman" w:cs="Times New Roman"/></w:fonts><w:styles><w:versionOfBuiltInStylenames w:val="4"/><w:latentStyles w:defLockedState="off" w:latentStyleCount="156"/><w:style w:type="paragraph" w:default="on" w:styleId="Normal"><w:name w:val="Normal"/><w:rsid w:val="00031E2D"/><w:pPr><w:autoSpaceDE w:val="off"/><w:autoSpaceDN w:val="off"/><w:ind w:left="20" w:first-line="280"/></w:pPr><w:rPr><wx:font wx:val="Times New Roman"/><w:sz w:val="24"/><w:sz-cs w:val="24"/><w:lang w:val="EN-US" w:fareast="FR" w:bidi="AR-SA"/></w:rPr></w:style><w:style w:type="paragraph" w:styleId="Titre1"><w:name w:val="heading 1"/><wx:uiName wx:val="Titre 1"/><w:basedOn w:val="Normal"/><w:next w:val="Normal"/><w:rsid w:val="00031E2D"/><w:pPr><w:pStyle w:val="Titre1"/><w:spacing w:before="240"/><w:outlineLvl w:val="0"/></w:pPr><w:rPr><wx:font wx:val="Times New Roman"/></w:rPr></w:style><w:style w:type="character" w:default="on" w:styleId="Policepardfaut"><w:name w:val="Default Paragraph Font"/><wx:uiName wx:val="Police par défaut"/><w:semiHidden/></w:style><w:style w:type="table" w:default="on" w:styleId="TableauNormal"><w:name w:val="Normal Table"/><wx:uiName wx:val="Tableau Normal"/><w:semiHidden/><w:rPr><wx:font wx:val="Times New Roman"/></w:rPr><w:tblPr><w:tblInd w:w="0" w:type="dxa"/><w:tblCellMar><w:top w:w="0" w:type="dxa"/><w:left w:w="108" w:type="dxa"/><w:bottom w:w="0" w:type="dxa"/><w:right w:w="108" w:type="dxa"/></w:tblCellMar></w:tblPr></w:style><w:style w:type="list" w:default="on" w:styleId="Aucuneliste"><w:name w:val="No List"/><wx:uiName wx:val="Aucune liste"/><w:semiHidden/></w:style><w:style w:type="character" w:styleId="Appelnotedebasdep"><w:name w:val="footnote reference"/><wx:uiName wx:val="Appel note de bas de p."/><w:basedOn w:val="Policepardfaut"/><w:semiHidden/><w:rsid w:val="00031E2D"/><w:rPr><w:vertAlign w:val="superscript"/></w:rPr></w:style><w:style w:type="paragraph" w:styleId="Notedebasdepage"><w:name w:val="footnote text"/><wx:uiName wx:val="Note de bas de page"/><w:basedOn w:val="Normal"/><w:semiHidden/><w:rsid w:val="00031E2D"/><w:pPr><w:pStyle w:val="Notedebasdepage"/></w:pPr><w:rPr><wx:font wx:val="Times New Roman"/><w:sz w:val="20"/><w:sz-cs w:val="20"/></w:rPr></w:style></w:styles><w:shapeDefaults><o:shapedefaults v:ext="edit" spidmax="3074"/><o:shapelayout v:ext="edit"><o:idmap v:ext="edit" data="1"/></o:shapelayout></w:shapeDefaults><w:docPr><w:view w:val="print"/><w:zoom w:percent="100"/><w:attachedTemplate w:val=""/><w:defaultTabStop w:val="708"/><w:hyphenationZone w:val="425"/><w:punctuationKerning/><w:characterSpacingControl w:val="DontCompress"/><w:optimizeForBrowser/><w:validateAgainstSchema/><w:saveInvalidXML w:val="off"/><w:ignoreMixedContent w:val="off"/><w:alwaysShowPlaceholderText w:val="off"/><w:hdrShapeDefaults><o:shapedefaults v:ext="edit" spidmax="3074"/></w:hdrShapeDefaults><w:footnotePr><w:footnote w:type="separator"><w:p><w:r><w:separator/></w:r></w:p></w:footnote><w:footnote w:type="continuation-separator"><w:p><w:r><w:continuationSeparator/></w:r></w:p></w:footnote></w:footnotePr><w:endnotePr><w:endnote w:type="separator"><w:p><w:r><w:separator/></w:r></w:p></w:endnote><w:endnote w:type="continuation-separator"><w:p><w:r><w:continuationSeparator/></w:r></w:p></w:endnote></w:endnotePr><w:compat><w:breakWrappedTables/><w:snapToGridInCell/><w:wrapTextWithPunct/><w:useAsianBreakRules/><w:dontGrowAutofit/></w:compat></w:docPr><w:body><wx:sect><wx:sub-section><w:p><w:pPr><w:pStyle w:val="Titre1"/><w:rPr><w:b/><w:b-cs/></w:rPr></w:pPr><w:r><w:t>1.</w:t></w:r><w:r><w:tab wx:wTab="225" wx:tlc="none" wx:cTlc="3"/><w:t>INTRODUCTION</w:t></w:r><w:r><w:rPr><w:rStyle w:val="Appelnotedebasdep"/></w:rPr><w:footnote><w:p><w:pPr><w:pStyle w:val="Notedebasdepage"/></w:pPr><w:r><w:rPr><w:rStyle w:val="Appelnotedebasdep"/></w:rPr><w:footnoteRef/></w:r><w:r><w:t>We thank many people for their help: Mary Laughren for access to the </w:t></w:r><w:r><w:rPr><w:i/><w:i-cs/></w:rPr><w:t>Warlpiri Dictionary</w:t></w:r><w:r><w:t>, Robert Hoogenraad, Jenny Green and Myf Turpin for arranging Miriam Corris’s work in Central Australia; Mark Donohue, Lipiyus Biniluk and Johnson Haan for help with Corris’s work on Lani and Adang; Denise Angelo and Margaret Sharpe for arranging Susan Poetsch’s work; Carmel O’Shannessy, Elizabeth Ross Nungarrayi, Margaret Carew, Marija Tabain and Robin Hardiman for help with Jane Simpson’s work; Margaret Florey, Kevin Jansz, David Nash, Peter Oram and the audiences at the Central Australian Linguistics Circle, the Applied Linguistics Association of Australia’s Annual Congress, the University of Sydney Linguistics Postgraduate Seminar, and the Endangered Languages Workshop. The work was funded in part by Australian Research Council small grants to Manning and Simpson in 1998 and 1999.</w:t></w:r></w:p></w:footnote></w:r></w:p><w:p><w:pPr><w:tabs><w:tab w:val="left" w:pos="720"/><w:tab w:val="left" w:pos="1440"/><w:tab w:val="left" w:pos="2160"/><w:tab w:val="left" w:pos="2880"/><w:tab w:val="left" w:pos="3600"/><w:tab w:val="left" w:pos="4320"/><w:tab w:val="left" w:pos="5040"/><w:tab w:val="left" w:pos="5760"/><w:tab w:val="left" w:pos="6480"/><w:tab w:val="left" w:pos="7200"/><w:tab w:val="left" w:pos="7920"/></w:tabs></w:pPr><w:r><w:t>Linguists have seen creating dictionaries of endangered languages as a key activity in language maintenance and revival work. However, like any approach to language engineering, there are concerns to address. The first is the tension between language documentation and language maintenance</w:t></w:r><w:r><w:rPr><w:rStyle w:val="Appelnotedebasdep"/></w:rPr><w:footnote><w:p><w:pPr><w:pStyle w:val="Notedebasdepage"/></w:pPr><w:r><w:rPr><w:rStyle w:val="Appelnotedebasdep"/></w:rPr><w:footnoteRef/></w:r><w:r><w:t> The term ‘preservation’ is often used in discussion of language endangerment.  However, it is used ambiguously between preserving a language for science in the future by documenting it, and preserving it for the speakers as a living language by helping them maintain it.</w:t></w:r></w:p></w:footnote></w:r><w:r><w:t>. The second is the role of literacy. A lot of effort has been put into vernacular literacy, on the assumption that it assists language maintenance, as well as language documentation. In some respects this is a dubious assumption, because writing a language does not necessarily lead to speaking it or maintaining the language. Moreover, in some cases putting effort into writing the language can detract from efforts to encourage learners to speak the language. It is certain that much more effort should be put into oral language development. </w:t></w:r></w:p><w:p><w:pPr><w:tabs><w:tab w:val="left" w:pos="720"/><w:tab w:val="left" w:pos="1440"/><w:tab w:val="left" w:pos="2160"/><w:tab w:val="left" w:pos="2880"/><w:tab w:val="left" w:pos="3600"/><w:tab w:val="left" w:pos="4320"/><w:tab w:val="left" w:pos="5040"/><w:tab w:val="left" w:pos="5760"/><w:tab w:val="left" w:pos="6480"/><w:tab w:val="left" w:pos="7200"/><w:tab w:val="left" w:pos="7920"/></w:tabs></w:pPr><w:r><w:t>In this paper, however, we focus on the structural issues arising from this relation between language documentation and maintenance, discussing literacy to the extent that varying levels of literacy result in different abilities to use dictionaries, as well as uses of, and attitudes towards dictionaries.</w:t></w:r></w:p><w:p><w:r><w:t>Historically, dictionaries for endangered languages have been mainly concerned with the task of preserving the languages for future study or revival. The major audience for these dictionaries was felt to be other people from literate traditions, such as linguists and researchers (Schebeck 1983). To this end most of the literature on the subject deals with the problems of representing the particular language as exhaustively as possible in a written form (Corris 1999). Such ‘documentation dictionaries’</w:t></w:r><w:r><w:rPr><w:b/><w:b-cs/></w:rPr><w:t> </w:t></w:r><w:r><w:t>are, in principle, vast and encyclopaedic as they attempt to capture most of what the lexicographer thinks a speaker knows, if they know the meaning of a given word and can use it.</w:t></w:r></w:p><w:p><w:r><w:t>Another use for dictionaries has been providing evidence for the speakers and others of the status of the minority language as a ‘real’ language, one that is recognised as an equal of the language of wider communication (LWC). We could call this the ‘symbolic’</w:t></w:r><w:r><w:rPr><w:b/><w:b-cs/></w:rPr><w:t> </w:t></w:r><w:r><w:t>function of the dictionary.</w:t></w:r></w:p><w:p><w:r><w:t>Documentation is still very much an issue for speakers of some languages. However, emerging literacy among speakers of the endangered languages creates a new range of users and uses for dictionaries. We will call these the ‘maintenance dictionaries’ (although their range can include language renewal). The structure of these is the focus of this paper. </w:t></w:r></w:p><w:p><w:r><w:t>When designing a dictionary for an endangered language (EL), we have to consider first the uses that the speakers may want to make of the dictionary, and then the useability of the dictionary for such users. In the first part of the paper we discuss uses by looking at the views on potential dictionary organisation of some speakers of endangered languages. In the second part of the paper we summarise some of our findings on</w:t></w:r><w:r><w:rPr><w:b/><w:b-cs/></w:rPr><w:t> </w:t></w:r><w:r><w:t>useability</w:t></w:r><w:r><w:rPr><w:b/><w:b-cs/></w:rPr><w:t> </w:t></w:r><w:r><w:t>of dictionaries of Australian Aboriginal languages.</w:t></w:r></w:p><w:p><w:r><w:t>Generally speaking, dictionaries for endangered languages have similar macrostructures, and differ mostly in the amount of information in certain parts of the microstructure. </w:t></w:r></w:p><w:p><w:pPr><w:spacing w:line="480" w:line-rule="at-least"/></w:pPr><w:r><w:rPr><w:b/><w:b-cs/></w:rPr><w:t>Macrostructure.</w:t></w:r></w:p><w:p><w:r><w:t>EL dictionaries are almost always bilingual, because the makers are usually not speakers. The main body is usually arranged as EL-LWC. Occasionally, such dictionaries have LWC-EL finderlists, sometimes separated into semantic domains. The EL-LWC direction is important for two reasons.</w:t></w:r></w:p><w:p/><w:p><w:r><w:t>(i)</w:t></w:r><w:r><w:tab wx:wTab="210" wx:tlc="none" wx:cTlc="3"/><w:t>This arrangement is typically most useful for speakers of LWC (including the lexicographer) trying to learn, understand or explicate the EL, in other words for decoding EL. </w:t></w:r></w:p><w:p/><w:p><w:r><w:t>(ii)</w:t></w:r><w:r><w:tab wx:wTab="165" wx:tlc="none" wx:cTlc="2"/><w:t>It can also be put down to the symbolic function of the dictionary. Speakers sometimes feel that EL-LWC is the only direction that could truly be described as a dictionary of the EL. Having the EL first gives it a kind of primacy.</w:t></w:r></w:p><w:p/><w:p><w:pPr><w:rPr><w:b/><w:b-cs/></w:rPr></w:pPr><w:r><w:rPr><w:b/><w:b-cs/></w:rPr><w:t>Microstructure.</w:t></w:r></w:p><w:p><w:r><w:t>The microstructure of EL dictionaries differ according to how big the dictionaries are. Most of the bigger ones include vernacular definitions and example sentences for some words; these are useful because they can contain cultural and grammatical information. This information is also useful for further study and documentation as well as for speakers maintaining the language. Actual definitional practice varies from one or two LWC glosses, to structured entries. Part of speech information is usually included.</w:t></w:r></w:p><w:p><w:r><w:t>Many of these properties of the macro- and microstructure have been taken for granted by lexicographers. Now, the emerging literacy among EL speakers means that these properties now have to be reconsidered. </w:t></w:r></w:p><w:p><w:r><w:t>Linguists and lexicographers hope that EL dictionaries can free learners (both of language and of literacy) from dependence on teachers, allowing them to learn independently. To some extent this view is shared by literate speakers of indigenous languages. It seems that EL speakers often agree that documentation and maintenance are important functions of a dictionary (Carroll 1999). There is also anecdotal evidence to suggest that the dictionary is important in the minds of speakers as symbolic of the status of the language. But there is little record</w:t></w:r><w:r><w:rPr><w:rStyle w:val="Appelnotedebasdep"/></w:rPr><w:footnote><w:p><w:pPr><w:pStyle w:val="Notedebasdepage"/></w:pPr><w:r><w:rPr><w:rStyle w:val="Appelnotedebasdep"/></w:rPr><w:footnoteRef/></w:r><w:r><w:t>Dictionaries made by speakers themselves need further investigation. Margaret Florey (p.c.) reports two wordlists made by speakers, one with the order LWC-EL, and the other with the order EL-LWC. Both are trilingual with just single word definitions in each language. Supusepa (1998) is a professionally published sketch grammar and wordlist for the language of </w:t></w:r><st1:place w:st="on"><st1:PlaceName w:st="on"><w:r><w:t>Saparua</w:t></w:r></st1:PlaceName><w:r><w:t> </w:t></w:r><st1:PlaceType w:st="on"><w:r><w:t>Island</w:t></w:r></st1:PlaceType></st1:place><w:r><w:t>, central Maluku.  The wordlist order is Dutch - Malay (Melayu Sini, the Dutch Malay variant) - Saparuan. Tamaela (1998) is a typed manuscript sketch grammar and wordlist for the Amahai language of </w:t></w:r><st1:place w:st="on"><st1:PlaceName w:st="on"><w:r><w:t>Seram</w:t></w:r></st1:PlaceName><w:r><w:t> </w:t></w:r><st1:PlaceType w:st="on"><w:r><w:t>Island</w:t></w:r></st1:PlaceType></st1:place><w:r><w:t>, central Maluku.  The wordlist order is Amahai - Malay - Dutch. </w:t></w:r></w:p></w:footnote></w:r><w:r><w:t> of negotiations between speakers of endangered languages and dictionary makers, in particular of speakers’ views on dictionary structure (perhaps because in some cases the speakers were not previously aware of dictionaries) (but see McConvell et al 1983, Carroll to appear, and Stebbins 1999). </w:t></w:r></w:p><w:p/><w:sectPr><w:pgSz w:w="11906" w:h="16838"/><w:pgMar w:top="1417" w:right="1417" w:bottom="1417" w:left="1417" w:header="708" w:footer="708" w:gutter="0"/><w:cols w:space="708"/><w:docGrid w:line-pitch="360"/></w:sectPr></wx:sub-section></wx:sect></w:body></w:wordDocument>